{
  "name": "normalize-css",
  "version": "3.0.3",
  "main": "normalize.css",
  "author": "Nicolas Gallagher",
  "ignore": [
    "CHANGELOG.md",
    "CONTRIBUTING.md",
    "component.json",
    "package.json",
    "test.html"
  ],
  "homepage": "https://github.com/necolas/normalize.css",
  "_release": "3.0.3",
  "_resolution": {
    "type": "version",
    "tag": "3.0.3",
    "commit": "7d0ebab2ffdf2c2046e2b812456f3681f92b5f32"
  },
  "_source": "https://github.com/necolas/normalize.css.git",
  "_target": "~3.0.3",
  "_originalSource": "normalize.css"
}